id,ts,venue,symbol,funding_rate,funding_interval_hours,mark_price,index_price
1,2025-11-13 15:00:00.014+00,hyperliquid_xyz,xyz:TSLA,0.00004230,1.00,,
2,2025-11-13 16:00:00.012+00,hyperliquid_xyz,xyz:TSLA,0.00001250,1.00,,
3,2025-11-13 17:00:00.042+00,hyperliquid_xyz,xyz:TSLA,0.00001250,1.00,,
4,2025-11-13 18:00:00.058+00,hyperliquid_xyz,xyz:TSLA,0.00001258,1.00,,
5,2025-11-13 19:00:00.062+00,hyperliquid_xyz,xyz:TSLA,0.00004287,1.00,,
6,2025-11-13 20:00:00.061+00,hyperliquid_xyz,xyz:TSLA,0.00001250,1.00,,
7,2025-11-13 21:00:00.046+00,hyperliquid_xyz,xyz:TSLA,0.00001250,1.00,,
8,2025-11-13 22:00:00.013+00,hyperliquid_xyz,xyz:TSLA,0.00001250,1.00,,
9,2025-11-13 23:00:00.059+00,hyperliquid_xyz,xyz:TSLA,0.00001250,1.00,,
10,2025-11-14 00:00:00.13+00,hyperliquid_xyz,xyz:TSLA,0.00001375,1.00,,
11,2025-11-14 01:00:00.014+00,hyperliquid_xyz,xyz:TSLA,0.00001250,1.00,,
12,2025-11-14 02:00:00.069+00,hyperliquid_xyz,xyz:TSLA,0.00001250,1.00,,
13,2025-11-14 03:00:00.085+00,hyperliquid_xyz,xyz:TSLA,0.00001250,1.00,,
14,2025-11-14 04:00:00.024+00,hyperliquid_xyz,xyz:TSLA,0.00000455,1.00,,
15,2025-11-14 05:00:00.029+00,hyperliquid_xyz,xyz:TSLA,0.00005825,1.00,,
16,2025-11-14 06:00:00.096+00,hyperliquid_xyz,xyz:TSLA,0.00008676,1.00,,
17,2025-11-14 07:00:00.019+00,hyperliquid_xyz,xyz:TSLA,0.00009447,1.00,,
18,2025-11-14 08:00:00.098+00,hyperliquid_xyz,xyz:TSLA,0.00001250,1.00,,
19,2025-11-14 09:00:00.137+00,hyperliquid_xyz,xyz:TSLA,0.00009840,1.00,,
20,2025-11-14 10:00:00.036+00,hyperliquid_xyz,xyz:TSLA,0.00005880,1.00,,
21,2025-11-14 11:00:00.052+00,hyperliquid_xyz,xyz:TSLA,0.00015399,1.00,,
22,2025-11-14 12:00:00.046+00,hyperliquid_xyz,xyz:TSLA,0.00006704,1.00,,
23,2025-11-14 13:00:00.041+00,hyperliquid_xyz,xyz:TSLA,0.00001250,1.00,,
24,2025-11-14 14:00:00.034+00,hyperliquid_xyz,xyz:TSLA,0.00001250,1.00,,
25,2025-11-14 15:00:00.013+00,hyperliquid_xyz,xyz:TSLA,0.00001250,1.00,,
26,2025-11-14 16:00:00.014+00,hyperliquid_xyz,xyz:TSLA,0.00002007,1.00,,
27,2025-11-14 17:00:00.079+00,hyperliquid_xyz,xyz:TSLA,0.00001250,1.00,,
28,2025-11-14 18:00:00.02+00,hyperliquid_xyz,xyz:TSLA,0.00001250,1.00,,
29,2025-11-14 19:00:00.005+00,hyperliquid_xyz,xyz:TSLA,0.00001250,1.00,,
30,2025-11-14 20:00:00.054+00,hyperliquid_xyz,xyz:TSLA,0.00001250,1.00,,
31,2025-11-14 21:00:00.011+00,hyperliquid_xyz,xyz:TSLA,0.00001250,1.00,,
32,2025-11-14 22:00:00.091+00,hyperliquid_xyz,xyz:TSLA,0.00001250,1.00,,
33,2025-11-14 23:00:00.037+00,hyperliquid_xyz,xyz:TSLA,0.00000820,1.00,,
34,2025-11-15 00:00:00.028+00,hyperliquid_xyz,xyz:TSLA,0.00000577,1.00,,
35,2025-11-15 01:00:00.133+00,hyperliquid_xyz,xyz:TSLA,0.00001250,1.00,,
36,2025-11-15 02:00:00.009+00,hyperliquid_xyz,xyz:TSLA,0.00001250,1.00,,
37,2025-11-15 03:00:00.036+00,hyperliquid_xyz,xyz:TSLA,0.00001250,1.00,,
38,2025-11-15 04:00:00.065+00,hyperliquid_xyz,xyz:TSLA,0.00001250,1.00,,
39,2025-11-15 05:00:00.009+00,hyperliquid_xyz,xyz:TSLA,0.00001250,1.00,,
40,2025-11-15 06:00:00.014+00,hyperliquid_xyz,xyz:TSLA,0.00001250,1.00,,
41,2025-11-15 07:00:00.047+00,hyperliquid_xyz,xyz:TSLA,0.00001250,1.00,,
42,2025-11-15 08:00:00.089+00,hyperliquid_xyz,xyz:TSLA,0.00001250,1.00,,
43,2025-11-15 09:00:00.051+00,hyperliquid_xyz,xyz:TSLA,0.00001250,1.00,,
44,2025-11-15 10:00:00.102+00,hyperliquid_xyz,xyz:TSLA,0.00001250,1.00,,
45,2025-11-15 11:00:00.069+00,hyperliquid_xyz,xyz:TSLA,0.00001250,1.00,,
46,2025-11-15 12:00:00.005+00,hyperliquid_xyz,xyz:TSLA,0.00001250,1.00,,
47,2025-11-15 13:00:00.021+00,hyperliquid_xyz,xyz:TSLA,0.00001250,1.00,,
48,2025-11-15 14:00:00.091+00,hyperliquid_xyz,xyz:TSLA,0.00001250,1.00,,
49,2025-11-15 15:00:00.034+00,hyperliquid_xyz,xyz:TSLA,0.00001250,1.00,,
50,2025-11-15 16:00:00.015+00,hyperliquid_xyz,xyz:TSLA,0.00005177,1.00,,
51,2025-11-15 17:00:00.035+00,hyperliquid_xyz,xyz:TSLA,0.00004290,1.00,,
52,2025-11-15 18:00:00.023+00,hyperliquid_xyz,xyz:TSLA,0.00004208,1.00,,
53,2025-11-15 19:00:00.004+00,hyperliquid_xyz,xyz:TSLA,0.00003192,1.00,,
54,2025-11-15 20:00:00.052+00,hyperliquid_xyz,xyz:TSLA,0.00002389,1.00,,
55,2025-11-15 21:00:00.109+00,hyperliquid_xyz,xyz:TSLA,0.00004290,1.00,,
56,2025-11-15 22:00:00.042+00,hyperliquid_xyz,xyz:TSLA,0.00001382,1.00,,
57,2025-11-15 23:00:00.047+00,hyperliquid_xyz,xyz:TSLA,0.00001250,1.00,,
58,2025-11-16 00:00:00.002+00,hyperliquid_xyz,xyz:TSLA,0.00001250,1.00,,
59,2025-11-16 01:00:00.042+00,hyperliquid_xyz,xyz:TSLA,0.00001250,1.00,,
60,2025-11-16 02:00:00.028+00,hyperliquid_xyz,xyz:TSLA,0.00004440,1.00,,
61,2025-11-16 03:00:00.028+00,hyperliquid_xyz,xyz:TSLA,0.00003030,1.00,,
62,2025-11-16 04:00:00.042+00,hyperliquid_xyz,xyz:TSLA,0.00002555,1.00,,
63,2025-11-16 05:00:00.061+00,hyperliquid_xyz,xyz:TSLA,0.00014194,1.00,,
64,2025-11-16 06:00:00.02+00,hyperliquid_xyz,xyz:TSLA,0.00001250,1.00,,
65,2025-11-16 07:00:00.06+00,hyperliquid_xyz,xyz:TSLA,0.00001250,1.00,,
66,2025-11-16 08:00:00.087+00,hyperliquid_xyz,xyz:TSLA,0.00009326,1.00,,
67,2025-11-16 09:00:00.076+00,hyperliquid_xyz,xyz:TSLA,0.00019113,1.00,,
68,2025-11-16 10:00:00.068+00,hyperliquid_xyz,xyz:TSLA,0.00019622,1.00,,
69,2025-11-16 11:00:00.119+00,hyperliquid_xyz,xyz:TSLA,0.00001250,1.00,,
70,2025-11-16 12:00:00.087+00,hyperliquid_xyz,xyz:TSLA,0.00001250,1.00,,
71,2025-11-16 13:00:00.043+00,hyperliquid_xyz,xyz:TSLA,0.00001250,1.00,,
72,2025-11-16 14:00:00.073+00,hyperliquid_xyz,xyz:TSLA,0.00002763,1.00,,
73,2025-11-16 15:00:00.03+00,hyperliquid_xyz,xyz:TSLA,0.00002187,1.00,,
74,2025-11-16 16:00:00.012+00,hyperliquid_xyz,xyz:TSLA,0.00001841,1.00,,
75,2025-11-16 17:00:00.053+00,hyperliquid_xyz,xyz:TSLA,0.00001701,1.00,,
76,2025-11-16 18:00:00.003+00,hyperliquid_xyz,xyz:TSLA,0.00007590,1.00,,
77,2025-11-16 19:00:00.068+00,hyperliquid_xyz,xyz:TSLA,0.00008478,1.00,,
78,2025-11-16 20:00:00.033+00,hyperliquid_xyz,xyz:TSLA,0.00014741,1.00,,
79,2025-11-16 21:00:00.059+00,hyperliquid_xyz,xyz:TSLA,0.00014608,1.00,,
80,2025-11-16 22:00:00.007+00,hyperliquid_xyz,xyz:TSLA,0.00011776,1.00,,
81,2025-11-16 23:00:00.049+00,hyperliquid_xyz,xyz:TSLA,0.00009750,1.00,,
82,2025-11-17 00:00:00.032+00,hyperliquid_xyz,xyz:TSLA,0.00001250,1.00,,
83,2025-11-17 01:00:00.02+00,hyperliquid_xyz,xyz:TSLA,0.00001250,1.00,,
84,2025-11-17 02:00:00.028+00,hyperliquid_xyz,xyz:TSLA,0.00025509,1.00,,
85,2025-11-17 03:00:00.05+00,hyperliquid_xyz,xyz:TSLA,0.00003935,1.00,,
86,2025-11-17 04:00:00.026+00,hyperliquid_xyz,xyz:TSLA,0.00009693,1.00,,
87,2025-11-17 05:00:00.122+00,hyperliquid_xyz,xyz:TSLA,0.00001250,1.00,,
88,2025-11-17 06:00:00.073+00,hyperliquid_xyz,xyz:TSLA,0.00006461,1.00,,
89,2025-11-17 07:00:00.069+00,hyperliquid_xyz,xyz:TSLA,0.00001250,1.00,,
90,2025-11-17 08:00:00.018+00,hyperliquid_xyz,xyz:TSLA,-0.00001132,1.00,,
91,2025-11-17 09:00:00.061+00,hyperliquid_xyz,xyz:TSLA,-0.00003735,1.00,,
92,2025-11-17 10:00:00.009+00,hyperliquid_xyz,xyz:TSLA,0.00001250,1.00,,
93,2025-11-17 11:00:00.051+00,hyperliquid_xyz,xyz:TSLA,0.00001250,1.00,,
94,2025-11-17 12:00:00.042+00,hyperliquid_xyz,xyz:TSLA,0.00001250,1.00,,
95,2025-11-17 13:00:00.062+00,hyperliquid_xyz,xyz:TSLA,0.00001250,1.00,,
96,2025-11-17 14:00:00.072+00,hyperliquid_xyz,xyz:TSLA,0.00001250,1.00,,
97,2025-11-17 15:00:00.017+00,hyperliquid_xyz,xyz:TSLA,0.00001250,1.00,,
98,2025-11-17 16:00:00.091+00,hyperliquid_xyz,xyz:TSLA,0.00001250,1.00,,
99,2025-11-17 17:00:00.031+00,hyperliquid_xyz,xyz:TSLA,0.00001250,1.00,,
100,2025-11-17 18:00:00.033+00,hyperliquid_xyz,xyz:TSLA,0.00001250,1.00,,
